9.89799	10.1832	9.4672	8.67774	7.91291	10.1843	11.4943	14.3634	-1.91786	18.2303	21.2161	-1.38057	0.67071	24.0361	8.63454	-14.0454
-0.854135	-1.9229	-1.01207	-3.78	-2.91565	-0.604811	4.66318	6.79071	-6.32881	10.1822	16.3489	-16.9504	-16.1302	-3.65192	-3.64196	-27.0566
-1.24701	-0.756925	-1.51317	-2.73681	-0.759748	3.44918	-0.0987461	-0.680598	11.0192	4.14511	2.08984	-25.7146	-22.4046	-4.87219	-8.75452	-14.7461
-0.44938	-1.19223	-0.492516	2.77618	-0.242041	-8.47637	-4.13876	-1.16736	6.13732	-14.041	-2.16705	-19.7504	-6.022	15.9375	14.7755	20.3044
-0.737865	-0.375387	-6.97976	-14.5027	-14.021	-10.5931	-8.04953	-4.48744	2.19205	3.48247	-25.5933	-5.63924	-15.3672	-15.9512	0.252436	6.23694
-0.266048	-3.21341	0.753576	8.35689	8.71813	6.54141	3.6189	-0.0431913	-0.558669	-23.4274	-3.81624	8.84921	-10.3485	-2.66617	-1.86749	3.43314
2.24036	7.42473	9.6997	15.7526	15.5378	9.8231	13.6062	17.8438	8.17312	-3.81558	10.0393	10.7248	16.6203	1.32283	4.9918	-3.29465
7.04703	4.40485	4.39586	4.36756	4.35993	4.31348	4.79055	5.19638	8.62218	-0.635256	11.969	1.22229	-1.23601	-6.13506	7.38559	-13.834
-8.2794	-7.27391	-7.06162	-10.5794	-10.4187	-7.29219	-12.0927	-17.1879	-4.42973	-9.81479	11.0668	1.88721	9.06208	3.53872	-11.9217	-10.5649
-0.748036	0.995056	3.04188	-3.98109	-4.35812	3.33649	-0.765685	-4.27229	12.0803	-13.1703	11.2393	4.65405	-10.2202	-3.2043	-6.68855	-1.59383
0.832399	-1.80514	-3.39533	-10.2345	-9.73051	-3.78752	-10.0975	-17.3984	-3.70742	5.80109	22.4894	12.2459	-7.82541	0.98213	12.0184	12.6871
0.471448	1.28349	0.491148	-2.99243	-4.83648	-1.40986	-5.41506	-8.25574	7.69244	29.839	17.9887	-19.9982	-18.4062	-1.28533	2.50002	-3.15484
1.20632	0.705461	1.51215	0.391197	4.68154	7.68506	5.13828	1.12718	9.05495	-0.955177	-13.613	0.752804	0.0246711	1.89061	-12.2002	-7.13768
0.71017	1.7903	0.869216	-0.606986	-3.97416	5.42106	12.3221	12.2776	0.0722907	0.126142	-9.33367	14.8709	1.77519	20.913	1.22274	14.7995
1.7169	1.13345	2.10011	1.84938	2.81028	-7.56508	-13.0167	-4.93321	-0.271051	-4.82418	0.398473	9.78377	1.34217	-3.42578	-20.4237	-5.83411
-10.4072	-9.29267	-10.1532	-9.37723	-2.91578	-9.24073	-7.19881	-9.90699	-8.95901	-11.4481	0.685956	5.90938	-15.886	-6.85284	-24.6099	-5.7284
10.1673	8.96879	9.94675	5.38087	6.31147	7.27659	1.4085	-4.70958	5.12814	13.7592	21.296	10.547	21.4495	36.1311	22.1265	11.0238
-1.94418	-1.2492	-2.27755	-3.98625	-5.0909	-5.50304	-10.9425	-9.94012	-12.3436	3.06033	11.6189	-18.1053	-9.55366	13.3859	8.66019	-9.54229
-0.775514	-1.85362	-0.881569	-0.79311	5.17185	10.0753	14.2586	14.6101	12.5144	-8.33889	8.55612	-15.9835	-14.0128	3.64127	6.11155	-9.69084
-1.21726	-0.638679	-1.38612	5.04188	-0.0786365	-7.11542	-9.50141	-12.3881	-14.484	-16.3782	-6.78511	-0.408157	4.13306	8.45106	15.2978	5.05025
-0.402772	-1.05494	-6.74709	-16.0363	-15.9867	-15.6696	-18.9499	-22.6757	-11.0864	-1.03569	-18.8211	15.7727	-9.91311	-23.7979	-0.297063	9.04323
-0.670411	-3.54283	-0.748323	5.84696	5.43169	3.1244	3.00924	6.76225	9.71419	-4.31476	2.20845	16.335	-7.6696	-2.04789	0.583264	0.378742
2.85865	8.8309	12.1689	15.1538	15.3692	14.2786	12.9305	8.67097	12.5198	1.82192	-8.55972	-8.70339	15.9995	0.811304	-0.334056	-6.20375
7.0131	3.87044	3.86718	4.23155	4.20169	4.86763	5.33885	4.86327	7.01183	-16.1663	0.226338	-9.53543	12.7038	17.4945	5.92636	-19.1591
-6.55493	-2.86583	-3.05478	-6.07499	-6.30961	-0.96337	5.55021	10.463	12.879	-6.73644	11.2921	6.26873	-0.930682	13.2096	-7.53247	-10.8963
-2.61162	-3.05056	0.664438	-6.15167	-5.73964	1.98886	7.7014	10.824	21.6906	-7.80067	2.86273	8.60616	-8.50857	-3.33011	5.2156	0.410431
0.495683	-1.92505	-6.76302	-12.7793	-13.4204	-10.4713	-7.71295	-0.691292	10.1155	-3.64139	1.9183	5.00723	5.24394	12.4173	17.8112	6.15952
1.23792	0.69322	2.62667	1.01763	0.669639	-2.58282	-1.90604	0.470473	7.84396	17.7407	10.4438	-14.8913	-6.65473	4.77569	18.8783	16.8942
0.684125	1.78031	0.811566	2.87766	7.01479	9.2278	8.77466	12.6815	17.7708	0.519419	-19.5961	-4.77643	-2.95101	5.8272	3.97924	-0.979183
1.78306	1.02828	2.10497	-1.18695	-4.22822	0.349323	9.67727	9.3651	20.2616	5.31664	-8.03027	9.307	16.1615	18.6509	-1.28438	10.3202
1.13595	2.53957	1.30621	5.915	4.72	-1.72352	-7.41204	-6.73493	-1.95831	2.06612	-7.56183	17.639	14.8523	-7.43736	-18.496	-7.89723
-9.28391	-9.84086	-8.83975	-3.4719	-2.47029	-8.2705	-10.0587	-15.5018	-15.3126	-8.91451	-15.669	4.18757	-8.03366	-17.858	-12.8127	-2.85164
9.41253	9.89947	8.98998	5.13166	7.08636	17.4474	15.0367	12.9	20.729	7.37831	6.28478	22.4648	23.4869	24.4506	-1.17951	5.48637
-1.06831	-2.33013	-1.22341	-5.22489	-2.35821	1.84455	6.55831	8.45396	15.3895	1.13936	-0.333128	-13.7437	-3.28436	4.78734	10.4232	-1.69859
-1.57256	-0.917615	-1.85934	3.23617	9.57188	15.3969	16.0856	17.0582	3.45804	-2.35242	16.8246	7.98233	-11.4589	11.0242	3.19346	-7.44165
-0.560337	-1.44618	-0.606986	4.0605	-0.693827	-14.5558	-15.8007	-16.6333	-8.15375	3.18125	14.6732	0.484342	-17.7079	-11.6734	0.206573	-1.46526
-0.912757	-0.434987	-6.30812	-15.3224	-23.0946	-24.4295	-24.205	-23.62	-12.1251	-0.847076	-6.21314	12.4427	-10.1442	-3.14887	1.95869	9.5484
-0.291199	-3.07068	0.417663	3.73462	4.1154	8.22409	11.6114	11.124	7.54592	1.08064	-1.64322	13.4275	-2.37408	0.39464	15.6265	7.69534
2.42404	7.67024	9.75416	7.22725	8.3729	10.2935	7.6038	7.82442	13.1365	12.776	-23.7624	-8.53787	4.66769	24.2575	5.47434	-9.44072
2.96451	0.157587	0.183133	-1.0889	-2.13414	-2.98581	-4.0559	-4.15112	-0.0950866	3.258	-6.4616	-9.79262	4.23135	24.1105	8.50247	-0.374905
-2.79824	-0.31565	-0.0287189	-2.08778	-4.24383	-6.94343	-8.78189	-9.03179	-8.67611	6.89611	-1.5756	3.5961	-10.5837	5.81732	-4.38799	-7.3372
-2.1912	-7.46233	-11.0631	-12.7694	-11.2857	-8.63047	-10.9647	-10.7014	-8.65178	0.410013	-9.88855	-7.41687	-15.9389	-7.9176	-5.14993	-17.5979
0.967581	3.823	4.89981	-3.05758	-2.98028	3.46154	7.05658	6.37298	9.14363	2.6844	-0.444267	1.03873	16.5663	6.43971	8.72661	-8.75078
0.52558	1.42607	3.51377	5.3774	4.53214	10.1776	12.4778	13.063	14.5698	2.31338	-12.0925	-22.2366	9.03292	21.4401	9.55694	0.79045
1.45443	0.77367	1.7131	-0.0790072	-3.25883	-4.92736	-1.56291	-2.53064	-1.99386	4.00042	-7.67171	-8.54406	4.02107	8.23207	25.0069	19.8778
0.84803	2.09709	0.980423	6.54015	10.0506	9.6273	6.99223	7.9169	12.9889	14.3413	-5.60377	-7.50382	-7.71166	-10.1586	3.31898	-13.8847
2.11784	1.32507	2.49826	1.08023	3.40407	1.68364	-0.0780047	-2.21236	10.795	-6.80385	-10.3494	-6.1576	-13.3143	0.0906491	0.295242	-4.22594
-10.1273	-8.80271	-9.86829	-9.97453	-9.98357	-8.43835	-10.1056	-8.20007	1.94136	-12.1965	-28.7558	-8.39553	-5.20508	-7.81501	-20.5726	-24.8602
10.1527	8.925	9.90836	2.61002	-2.77531	-3.78747	-1.87608	-1.93847	7.87531	21.9637	6.93985	-0.507353	-4.26836	-16.2437	-7.77466	19.9
-1.97719	-1.28051	-2.3416	-6.75987	-13.5592	-11.8104	-13.1222	-13.0399	-9.36789	14.829	-15.7239	-14.7923	-8.76088	-12.8306	-4.50793	6.9197
-0.794373	-1.90426	-0.927676	-3.2963	-4.02048	-6.17027	-6.05827	-7.05975	-10.2873	4.39146	-0.298126	-9.02672	-2.36644	15.6607	6.99985	5.5642
-1.24217	-0.672456	-1.45853	1.32413	3.95244	6.2565	5.44134	6.26692	-0.703288	-5.72922	-4.19313	-15.4174	-2.66192	-13.939	-15.5009	8.85374
-0.399266	-1.08037	1.69156	-10.0494	-15.2338	-8.42912	-7.82158	-8.49348	-11.5461	-29.2406	-7.48278	-2.40517	8.33664	-8.64729	2.11326	17.5712
-0.622969	0.195174	-1.75051	-10.9604	-13.0919	-6.79844	-7.29331	-6.91215	9.34187	-7.91962	-14.1793	5.0489	4.27979	-13.9697	-15.4073	-10.4321
1.76725	2.95175	2.71923	1.04735	4.34007	8.6456	8.81959	8.49868	18.639	23.1835	-18.1285	-9.83811	-0.710927	17.4813	6.16208	-8.57555
-0.0444301	-1.91988	-1.87006	2.32601	6.61224	6.70675	6.62645	6.61548	3.80811	5.68384	-19.7982	-14.3389	-9.94348	19.3876	3.56968	3.37215
-3.12534	-4.29231	-4.42507	-4.02784	-4.59502	-4.8904	-5.13309	-5.00025	-7.76008	-8.24975	-20.8246	8.17476	-2.82596	-4.3982	-15.5857	-3.29545
2.17771	-3.83836	-10.5747	-6.81215	-9.34754	-16.877	-16.5339	-16.9336	-34.2351	-20.2307	-3.17153	5.00811	-11.7459	3.6082	-15.7692	-6.43297
0.389582	8.38802	7.20035	-1.04238	-2.92319	-2.65356	-3.31647	-2.81284	-9.86743	-18.1645	-11.7484	0.654299	-1.87089	12.2421	7.19172	-7.1074
1.14482	0.560521	9.27697	7.02304	5.93015	12.6375	13.2675	12.4901	7.75485	17.9616	2.0839	-2.26186	20.2553	8.27623	-7.18536	-15.3857
0.624646	1.68601	0.708215	3.61043	7.50095	11.2052	10.2257	11.0318	4.05383	8.66421	4.21163	-2.65655	0.470939	-3.48327	-3.0406	0.73457
1.73474	0.978528	2.06023	-4.42435	-6.50137	-5.18122	-4.07598	-5.12282	-8.71533	2.80272	8.91116	-5.01221	-20.1209	-12.1272	-12.223	-4.76247
1.10411	2.50719	1.30816	0.188262	-5.1435	-6.00028	-9.16392	-9.9281	-27.6881	-2.71757	5.43514	-24.8122	-0.217354	18.0305	-10.467	-13.5213
-9.30534	-9.85717	-8.82378	-11.6442	-14.6067	-17.8354	-15.0216	-14.187	-15.2992	-3.53112	0.126937	-12.5529	6.15139	14.2705	-0.695846	1.34597
9.37624	9.84642	10.8681	14.0886	16.4682	20.5229	18.6968	18.8982	21.7835	8.63819	17.5371	-2.23172	1.60433	9.46081	12.5999	29.0293
-1.09793	-2.40708	-1.18226	-1.59745	3.29237	11.0045	18.5034	18.1392	21.4789	-10.5539	-12.2807	-7.16248	14.9126	-2.17856	12.3311	12.5027
-1.61834	-0.98098	-3.98072	-3.87137	3.12451	5.30751	-1.34398	-0.330618	13.1236	15.5691	-8.98074	-20.16	16.7937	3.99103	17.9079	12.7689
-0.593854	-1.53357	-3.60256	1.6124	7.5528	2.94135	3.79933	2.96782	3.94584	20.8254	4.14834	-36.0924	-1.57966	-17.6466	-6.19842	5.78778
-0.935001	-0.492543	-1.769	-5.05319	-9.16338	-8.7304	-9.38077	-8.76445	-3.40471	9.9812	4.10306	0.83697	12.0776	-0.994289	-9.8129	6.66944
-0.254839	1.91405	3.59843	0.956831	3.25173	5.48321	5.88348	5.38161	0.0626711	25.6813	7.76972	7.88705	14.281	15.2652	13.0232	-1.5198
0.0762361	-2.00486	-3.84568	-15.3161	-19.9502	-11.4989	-11.7975	-11.615	-5.96237	5.503	-7.66071	-15.6928	-18.9183	-10.1632	9.03482	-1.72779
-4.53665	-4.8725	-1.54918	-7.80492	-11.0363	-4.77255	-4.81464	-4.92004	0.127079	6.68027	0.410135	-14.7155	-5.25599	-0.637393	-0.895944	-0.31361
5.34715	6.09717	2.71419	-1.20517	1.75863	4.34109	4.46166	4.25155	4.06988	-2.37121	-3.89304	0.702855	-10.3121	-22.2944	-11.0508	7.73426
-0.559421	-6.33584	-14.7488	-18.5386	-17.8564	-14.7496	-15.1965	-14.8512	-28.0768	-24.1403	-3.37259	0.098513	1.22848	11.3052	-3.78014	-10.0573
0.860158	5.93261	4.59117	-4.21873	-1.75643	0.21462	0.713219	0.128404	-10.3566	-2.65087	16.9679	-5.87484	-2.48754	13.2372	15.6695	-0.132688
0.454549	1.32717	4.23526	-3.75174	-13.0209	-8.34277	-9.15468	-8.50188	-14.4857	5.66785	-1.39704	10.5848	22.8925	1.30386	-2.54216	-8.97174
1.38502	0.701286	4.15255	8.15166	9.84824	7.25676	8.07186	7.15886	-1.07675	10.2886	6.38202	-3.07022	-4.48889	-4.84673	-10.3758	11.8154
0.80383	2.03506	-2.3289	-4.57814	1.46674	6.18786	1.67518	2.62121	-2.9756	17.0043	24.9625	4.31632	-14.2802	3.08195	-2.77394	-11.7491
2.07685	1.28776	-0.624772	-3.34367	0.711648	4.28618	6.3692	2.82815	0.884204	10.6106	13.3198	-3.80201	-9.29836	3.67887	14.6164	-5.53754
-10.1507	-8.83359	-10.9955	-8.11753	-6.24438	-5.34972	-4.00221	-0.681149	-12.1119	0.667846	2.77308	6.42346	-4.11166	-18.9052	-8.51795	-11.969
10.134	9.55467	9.18523	6.35667	7.29902	6.0788	5.11087	2.19052	4.48853	8.30724	29.4657	19.0944	1.91879	1.63811	20.0234	12.7922
-2.0086	-1.68696	-3.33547	-1.6414	-2.83389	4.61807	12.6063	15.7388	12.1953	-5.86806	-7.14087	-0.935173	-2.7884	-14.6222	15.4226	-6.40911
-0.826443	0.504048	5.91939	9.09821	14.6523	8.844	2.72672	1.79809	1.87093	-22.9235	-31.1076	-6.63157	-0.000721455	-8.26837	2.16756	-18.3266
-1.29788	2.81434	8.38363	14.7174	8.8295	1.97492	1.19481	2.08532	-5.5147	-10.0667	-10.4567	-19.194	-7.05715	-5.71446	2.10166	3.1151
-0.43033	0.863585	5.37283	10.2017	11.3022	7.50888	8.17629	7.50907	16.5169	-2.21151	20.4329	6.35158	3.4314	-8.34815	13.4446	4.93467
-0.610108	0.688075	1.47789	2.36452	1.95021	2.19837	1.74247	2.1808	-8.31243	11.1104	14.5038	18.0232	3.57155	9.78832	22.0106	17.735
-3.68799	-6.18846	-5.55754	-9.59531	-9.34163	-6.65147	-6.43812	-6.70234	-18.1244	1.75724	9.95871	-21.2588	-22.818	3.91081	-1.89146	-13.3951
5.33983	10.6772	9.22181	2.2264	2.23025	6.03822	5.95911	5.96746	12.0993	17.226	18.2416	-13.2423	-16.2202	2.67051	9.89715	0.527087
2.35041	1.88076	0.646298	-1.21623	-1.41793	4.50489	4.2698	4.36468	11.9783	3.95105	7.271	7.56577	-5.06484	-10.1633	4.78564	-8.78515
-3.51445	-7.83851	-4.73027	-7.059	-6.67029	-2.51628	-2.22229	-2.62301	-4.30011	-2.03047	-7.87015	0.98758	5.10744	-1.15923	-0.930582	12.6966
0.321218	-2.7479	-3.66144	-5.07603	-5.66722	0.297026	-0.338413	0.127649	0.583082	16.2902	10.4045	6.9201	0.693762	-12.0857	-19.6625	-3.93165
1.06796	-1.67694	-2.5962	-3.44229	-4.38067	-6.30644	-5.6422	-6.42847	-13.9193	26.8456	16.0203	8.1871	5.07077	-13.147	9.63989	9.76865
0.568537	2.8514	0.625303	2.97739	5.0544	4.97278	4.02657	4.80219	8.58085	18.6097	1.68959	-0.950795	16.4708	15.5549	-3.99181	3.2071
1.67882	2.31176	8.03152	7.85026	7.51133	8.71363	10.9539	9.89948	6.27325	13.8272	-2.68648	-23.4336	2.52043	1.26141	11.872	1.03361
1.06517	2.99899	5.42802	8.30898	7.06508	8.12311	5.42932	6.26096	5.41808	20.8028	12.655	-4.27587	-5.45598	-1.26329	8.64392	1.09422
-9.33574	-10.3564	-8.70603	-8.0083	-7.06599	-8.81794	-7.73686	-8.55448	-13.9938	-9.21086	-6.90406	-1.07101	-12.6893	-26.1285	-5.65326	-22.4282
11.0448	12.4902	10.7935	16.6194	15.613	11.7229	11.4845	13.2521	5.33405	9.99807	17.6292	8.1266	20.2067	17.0705	20.6516	22.3244
-1.55666	-2.99769	-1.5886	3.37847	4.46726	-0.150789	2.93886	1.20357	-0.858858	-8.6786	-8.01857	-3.50249	7.69093	5.75755	-10.5113	-26.6256
-0.997546	-2.24158	-5.76102	0.312881	-1.93133	-9.87898	-13.406	-12.307	-22.5959	-17.6442	-15.686	-4.38674	1.0257	5.27034	-16.1543	-23.8189
3.58457	3.22878	0.436711	-3.18727	-1.18983	1.94817	2.83812	2.05212	2.8775	-7.18438	-11.7429	10.8717	-3.37235	0.189384	-7.77444	-10.5469
2.84023	5.03097	3.74385	4.14593	3.59229	5.9753	5.34606	5.9839	22.5649	-1.64509	5.97456	13.6401	-9.94549	-15.3714	-2.14537	0.768391
-0.911099	-3.84454	-6.57363	-9.20455	-8.73746	-8.33756	-7.87967	-8.35357	4.72853	5.56013	-15.4991	-5.22397	-3.51242	2.20694	6.00735	-8.36148
-0.0776004	-0.163169	-0.862312	3.87115	3.66239	-0.559278	-0.779702	-0.495315	-20.7013	-4.22361	-14.6953	-23.9201	-4.65508	3.17546	-3.03884	-10.9477
10.9497	14.202	12.4635	17.0758	17.1107	12.4653	12.5099	12.4756	-7.7395	6.83843	5.40677	-11.2052	-0.855025	7.65723	0.332756	4.37869
-5.8162	-1.33972	3.58949	3.28161	3.45251	3.37072	3.4885	3.31905	-2.57725	19.0723	14.2841	12.4469	13.6365	1.1768	-11.9284	-8.93734
0.0376277	10.4285	20.1299	13.8697	13.4715	20.424	20.0016	20.2846	22.287	-0.131316	4.26431	1.83099	-6.77999	-24.1043	-21.8213	2.17892
4.33061	1.11855	1.83918	2.65694	3.22675	7.71645	8.19784	7.60541	5.9946	7.77015	1.64701	2.6256	-5.85447	5.97014	-3.65324	1.79402
3.10183	8.89244	3.90275	-4.58758	-7.18809	-5.49546	-6.27604	-5.6518	-0.536203	11.2333	-0.868973	-3.1246	0.0497411	4.64028	8.11119	11.2879
5.26445	7.28122	7.00052	9.12319	10.2074	6.41616	7.25119	6.31305	9.99934	-6.83927	17.9654	7.20237	11.6411	-8.07888	-22.1766	-20.6524
2.74867	4.5279	2.04839	1.81587	2.39251	4.73703	2.0695	2.9845	8.01709	-4.23092	9.12347	4.78159	14.9449	-0.0148239	3.30488	-1.1763
3.70514	3.99784	4.60007	1.06013	2.1363	4.79112	6.64001	4.72886	18.3363	10.6385	-15.7815	20.2344	12.0374	5.51774	5.72167	4.03882
-8.94753	-5.97217	-6.56628	-8.0301	-9.11795	-5.78269	-6.14155	-4.53828	-5.01231	-13.0185	-43.2749	-7.31297	8.40257	-6.76154	-25.584	-18.6717
9.84969	6.95799	7.9001	12.2531	13.2316	6.91704	13.3107	17.7645	8.64888	2.48455	14.6101	9.59765	8.26664	32.4201	26.4467	6.27509
-0.389244	0.810905	-0.319855	5.93131	4.81494	1.96253	-3.24206	-7.38417	-14.3265	-15.5879	18.2339	18.9271	-11.1583	5.36799	-13.9481	-30.8264
0.0659326	-1.62494	-0.661479	0.917489	4.54328	2.48506	2.38956	1.501	-4.44495	-12.2332	7.02824	19.8885	4.99183	1.01169	-3.15962	-14.2347
0.318947	-3.24874	-4.07148	4.00223	5.35088	1.11314	0.33977	1.20871	-7.55481	6.33638	13.5564	14.7102	3.12613	6.18901	3.21967	6.48689
2.51121	-1.96842	1.82112	4.40006	0.254544	-5.22537	-4.55203	-5.2074	-8.6719	-0.0302632	0.537447	-7.97264	1.886	2.78096	7.83867	10.6202
-0.274031	4.56595	4.82444	3.03765	2.63327	2.21745	1.79123	2.23811	2.91007	-4.17606	-7.48537	-10.1241	17.9808	1.29164	-3.22697	-7.7654
2.75082	0.548909	-3.03648	4.41797	4.67674	-3.19399	-2.91148	-3.14009	-14.8959	-16.9457	-16.6856	-28.216	4.56841	2.99915	8.05356	6.33197
-16.4777	-23.5021	-23.5139	-17.2206	-17.2369	-23.4513	-23.4693	-23.4119	-35.3271	-12.541	-2.02804	-9.97783	10.4563	5.41514	-14.493	-3.52703
8.63322	12.5066	12.3104	8.54051	8.36254	12.4667	12.2833	12.3939	5.11162	23.719	16.9586	7.84779	12.8747	20.2505	4.08043	-7.97387
4.94288	8.07744	15.3549	8.76623	9.1334	14.9372	15.243	14.8642	15.4934	24.5079	-4.31036	2.96521	12.6287	5.6881	17.3137	5.91501
7.99986	-1.85299	-3.21351	3.62464	3.05224	3.46163	2.88087	3.3731	-2.37959	16.2722	7.35802	-2.90806	-0.74555	5.47025	9.33813	6.47246
9.70779	6.4682	1.18853	-1.79753	-1.04631	-5.6635	-4.95108	-5.71053	-8.98826	-9.35738	-4.42304	-9.12462	23.7612	16.1166	3.26163	-6.09799
-3.33855	-6.16977	-7.05651	-7.91742	-14.4108	-17.2641	-18.1781	-17.3614	-18.4772	-11.2337	5.45746	-2.56074	16.1579	-4.4861	-16.4921	-2.93467
-2.1351	-4.80401	-3.70125	-10.2938	-3.66334	-0.503837	-6.40727	-7.44627	-7.64687	-13.4968	-5.02571	-7.45826	8.68386	5.64769	2.60509	-3.67911
3.36694	3.13212	1.95607	3.64492	2.39086	9.73329	6.82316	-0.69908	-9.61918	-2.1551	-7.20492	-4.91514	-4.07926	6.88959	2.61652	8.13323
-8.9109	-10.6515	-9.61185	-11.8045	-10.8655	-10.8707	-1.52252	5.95941	1.93006	-3.14864	-10.9479	-9.58222	11.9869	9.56317	-15.8254	-18.2226
4.84198	2.06029	1.0866	4.71054	3.74717	2.11208	2.66618	5.17925	-0.868162	15.1552	39.321	-2.7934	-8.01784	4.25357	-5.22277	-4.2801
-5.73091	-10.6946	-9.5897	-8.89763	-7.76962	-9.03331	-7.7323	-10.2185	-17.7644	-2.36866	15.5088	3.95819	-9.51156	-23.362	-18.3653	1.01335
-9.88706	-16.2034	-17.1558	-15.4523	-15.4471	-15.7521	-18.2547	-17.2264	-19.9987	-15.8518	-27.538	1.62339	3.28267	-11.402	-7.54835	-1.817
-9.3494	-13.4591	-12.6026	-10.221	-5.81683	-6.24196	-5.39863	-6.2399	-5.42985	13.1613	-1.92903	5.91666	2.50427	-14.6593	1.43568	22.928
-7.47164	-6.98713	-3.49251	-7.09539	-12.2601	-7.77725	-8.42865	-7.81227	-3.26254	4.54231	-5.61323	7.33168	-8.37951	-7.38829	23.587	35.3318
2.43958	6.59387	5.34585	-0.170625	0.306319	0.874561	1.33448	0.83111	10.175	13.4311	-12.1569	8.14199	3.33433	8.05533	-1.77181	-0.354657
-3.53265	-8.0551	-10.6571	-7.6791	-7.90443	-10.353	-10.5808	-10.3457	-0.757519	-2.18786	-16.2403	-4.68768	-2.72049	-3.78251	-11.8581	-9.0388
-2.84699	-10.457	-10.4117	-5.61757	-5.57384	-10.4108	-10.3501	-10.4444	-5.97779	12.2118	1.2017	1.31369	-5.62399	-2.29071	-12.9357	2.64018
-4.54154	-9.45859	-9.25724	-12.5446	-12.3635	-9.40816	-9.26329	-9.45722	-12.6158	18.1574	6.06363	2.39522	11.753	13.7743	15.9995	2.47945
-1.39651	3.81793	1.95495	0.638555	0.274696	2.35468	1.98445	2.30657	-4.31527	3.62085	-2.90742	8.32872	14.7862	24.2501	11.3327	4.71506
-8.26988	-5.01292	-4.34659	-4.12191	-3.5282	-6.27222	-5.7127	-6.25114	-13.8258	-13.5514	-0.140951	3.11371	-6.96513	0.915819	8.26393	5.67332
-11.5637	-11.4267	-10.7526	-11.916	-15.6783	-14.5863	-15.3183	-14.6142	-11.6496	-5.42652	-15.7794	-15.2669	-7.05659	4.94518	-10.6491	5.04574
0.210841	-1.71926	-0.777894	-0.602078	3.48375	4.63855	5.50097	4.5974	5.20478	10.1618	0.403205	14.7964	7.37563	-3.38709	0.418035	19.0913
5.39376	9.23385	8.17548	3.44627	2.18245	5.50499	1.14744	2.08776	-0.40382	12.259	5.48427	22.6227	1.79082	-0.343394	-1.19007	8.25096
-3.62413	-6.2624	-5.06472	-12.2275	-11.1424	-3.17021	-6.00964	-14.2959	-14.1535	10.774	21.4578	-4.55212	2.13373	-8.67638	1.75457	17.401
-13.6625	-14.3091	-15.3294	-22.2236	-23.3148	-14.5503	-8.60027	-0.674613	-7.97182	-3.04045	17.7444	-13.2926	4.141	1.55846	-13.1904	-8.28877
13.4573	12.4454	10.368	11.5005	12.5165	9.4774	10.4674	9.50932	-4.87885	-7.14297	23.9817	-2.38262	2.18542	5.23437	18.5292	11.4548
1.70203	4.08854	0.95015	3.97217	2.90792	0.566218	-2.05647	-0.808116	-8.02402	-17.3472	-3.04422	-19.5493	-11.7532	-13.4244	-5.66929	-13.0142
6.26867	9.9577	8.74898	8.31783	3.01211	-3.14011	-0.449002	-1.4299	7.03354	5.92013	-0.433063	-0.341	-0.997929	-24.8249	-1.64002	-6.56815
2.07116	-1.72382	-10.1808	-17.8226	-18.1839	-8.36133	-9.21183	-8.41138	1.25843	11.3525	-0.473265	7.01233	15.1254	-14.3679	-16.8433	0.883059
-0.287378	-7.81455	-15.9283	-15.0999	-8.53761	-6.68936	-6.04424	-6.75834	-2.01648	-17.0512	-8.7868	12.5336	5.59421	-11.1777	11.7225	28.7569
-2.83286	-8.40421	-10.612	-8.20112	-8.67365	-8.21744	-8.68828	-8.22983	2.95902	-21.501	-2.41904	10.8348	-9.02931	-5.72035	-6.75793	8.18227
4.42805	8.47666	8.50209	10.6537	10.92	8.24774	8.54636	8.26767	6.0084	-11.8792	-11.2824	-7.89733	4.09653	-6.66774	-29.8716	-2.5321
1.27888	3.66127	0.431675	4.33597	4.29101	0.495083	0.464448	0.51089	6.44507	13.0196	11.1067	-3.09487	0.231413	8.82078	-2.71153	23.8273
0.77039	-2.6591	-2.8342	-5.59316	-5.74217	-2.63252	-2.77755	-2.67604	3.21056	33.5925	0.14022	0.114174	9.31685	28.2631	7.94024	-4.75959
2.77059	-2.64342	-9.61771	-7.98005	-7.58614	-9.89778	-9.518	-9.85804	-21.1469	4.24703	10.3786	-0.924204	9.15654	0.997391	-13.8045	-11.84
-1.7635	1.67277	3.82658	7.06954	6.54832	2.27147	1.76328	2.34929	-8.5705	-17.5317	28.2151	12.3859	5.51188	-29.9351	-23.5087	-1.07556
1.90517	-1.1092	-1.39139	4.00148	2.18022	-5.01321	-4.24931	-4.91847	-9.97589	-11.46	15.3864	-16.7709	-15.9094	-9.62216	-8.64846	7.56069
1.95164	4.14075	3.04345	7.30648	8.15442	7.42005	6.52518	7.40065	-1.438	0.815988	-0.991232	-4.68139	8.73619	-0.829127	-7.12462	2.58357
-0.860434	-4.09576	-2.96269	-7.14483	-5.36972	0.34381	4.21686	3.14762	13.1442	8.64979	11.8312	14.7964	5.54896	-1.83301	-15.6485	2.95102
3.01591	7.51882	7.56169	5.95743	4.72535	5.53628	3.94867	7.52305	8.46772	16.661	7.86803	-9.97591	-6.62934	-12.93	-9.30837	13.7643
-7.3172	-3.13795	0.615886	-5.28598	-4.33872	-0.589748	-2.33181	-6.00177	0.0771382	-1.58605	-1.81559	-27.0254	-24.2389	-11.5297	-31.0113	0.0431498
9.31841	12.8469	14.164	13.4567	12.4906	14.4911	16.8029	21.1146	16.754	12.0229	31.262	4.77442	15.0963	6.12243	27.8544	24.5696
-1.14351	-0.476995	3.13188	3.31636	4.49498	1.0013	-2.66683	-6.998	0.864742	-21.3472	11.838	-18.8852	-8.49412	-7.4517	17.0786	2.10152
-1.68373	1.18694	1.5268	6.63127	4.98586	2.02656	2.67132	3.71161	-2.52699	-11.0637	9.9857	-4.26007	-12.8951	-9.12847	-4.78533	-9.44594
-0.616735	6.08811	9.31397	-0.0533051	-2.08435	-2.62545	-1.77108	-2.66866	5.7315	-2.92379	0.953346	7.06817	13.5568	-1.55831	-8.07934	15.1515
-0.992643	6.3298	6.46688	1.7958	4.7323	8.3189	7.6167	8.2896	13.6166	1.41895	6.94857	6.75774	-0.266518	0.568751	-0.523911	16.8064
-0.312181	6.96676	15.4013	19.5842	20.0625	15.0189	15.5378	15.0478	12.1397	-4.6248	-5.76332	3.23663	-18.6381	-9.32911	-10.7746	-5.52334
2.48237	1.53967	1.18975	9.97919	9.6959	5.43235	5.18534	5.51809	2.24763	-1.53784	-8.98594	20.8866	-0.855567	-9.56209	-21.1953	-24.8448
-0.811933	-0.609277	7.62763	18.8272	18.8933	12.616	12.7439	12.7053	-2.4857	-11.8116	11.7381	6.87786	6.18278	-7.80265	-5.31893	15.1793
-2.66184	-3.5914	-2.75402	-0.942219	-0.778363	-2.18022	-2.00177	-2.13039	-1.15844	10.8137	1.09053	3.02897	4.92122	5.48366	13.7517	15.9086
1.08715	5.24501	8.10591	12.069	11.755	8.8873	8.58222	8.94454	1.28668	-6.72943	-2.72195	-11.9568	-1.66466	6.62891	13.6904	6.56229
0.781982	-0.0841064	-8.24356	-17.4824	-16.8712	-16.8808	-16.2896	-16.7679	-20.6919	-22.3631	4.59167	15.254	6.9444	1.17815	7.97031	4.28731
0.435073	4.47442	5.73443	5.88228	4.51909	3.97688	3.31204	4.11674	-15.2298	-15.1294	-11.671	-21.0355	-20.407	6.74026	-17.8855	1.3115
1.34962	0.833994	3.13996	4.98622	2.80512	-2.62	-1.74115	-2.55261	-13.3757	-5.56235	-13.7716	-12.8901	15.8898	17.1864	-15.0169	-3.96387
0.818261	1.92395	3.48331	5.80013	8.37612	16.4154	17.3422	18.2844	24.8231	16.8752	-3.3638	10.5562	13.5825	-1.09267	-24.1268	-16.4291
2.07229	0.0656472	3.82403	2.69315	3.75629	4.29522	4.47951	4.44269	15.438	12.8258	-10.5608	-0.757512	16.2057	15.4084	1.16569	-4.78924
-10.135	-11.5694	-11.7158	-13.3439	-14.4151	-7.25494	-9.4715	-9.76008	4.17829	4.07373	-9.60713	-25.094	-6.58576	-3.70403	-14.7866	-14.7906
10.1104	8.81645	10.5448	9.75408	10.7935	10.3754	15.4904	18.6009	16.4803	9.12365	17.1463	9.9552	11.3764	-10.0295	3.67359	-2.05998
-2.06612	-1.36267	-2.96798	-0.647468	-0.255242	-2.38082	-10.7198	-13.6071	-11.6506	-8.90805	3.54763	-14.9858	-8.1026	-13.2772	-10.313	-10.0363
-0.846083	-2.03704	-0.157006	-2.08671	-3.19898	-1.36625	2.87185	1.86908	10.6317	-23.0146	-1.04469	-7.48989	2.56555	6.17139	-4.75137	2.58679
-1.33853	-0.77838	3.67869	-0.449157	-6.09136	0.334867	-0.548463	0.307965	15.9359	-4.41905	-3.19991	0.329487	13.8863	9.97479	2.1958	20.1838
-0.46036	-1.27262	-0.663168	-1.28524	2.53425	4.83528	5.53077	4.80352	7.56196	8.84031	-0.25884	-5.77149	10.4744	-7.59643	-5.34362	19.019
-0.741269	2.43718	10.6979	16.5553	13.1454	11.2984	10.7995	11.3365	11.6352	3.05581	-9.98305	8.67714	11.2146	2.22483	-3.26464	8.10266
4.01687	4.99885	-1.59271	-11.5145	-15.2644	-13.9334	-13.599	-13.8775	-6.5297	-15.0609	-12.0568	14.0087	17.0783	-4.30422	-11.6916	-12.7381
2.1709	-1.98058	-7.12327	-4.70878	-1.61593	-5.74787	-5.77798	-5.64264	-14.5748	-17.1521	-14.5702	-5.26314	6.51982	-13.6066	-6.07875	0.499636
-6.70388	-6.91148	-7.73273	-5.61262	-6.42403	-9.60353	-9.68966	-9.54364	-18.9071	7.95028	-5.27362	-1.02905	-12.2004	3.75635	5.38926	2.30336
0.883178	-0.144461	-1.29807	-0.0015254	-1.06364	-4.73062	-4.3629	-4.69678	7.36907	28.1582	11.0559	-5.10381	-8.07294	3.77058	-14.0309	-16.5573
0.270429	2.01303	3.39845	-2.6806	-11.2247	-11.3114	-11.8001	-11.25	-5.49391	-7.55423	-1.58343	6.98362	4.69461	11.2799	10.5515	11.2513
0.993949	0.418335	9.76671	15.8366	11.9768	8.60508	9.35399	8.73463	5.535	-19.9554	-17.0698	-1.92957	-6.66259	-2.05915	-9.34324	-2.7594
0.564325	1.53703	-0.726962	3.91006	3.7307	0.207125	-0.641074	0.279258	-6.76988	-10.9925	-18.8312	-9.00429	11.5641	9.7824	4.54138	10.7502
1.66366	0.934046	-0.804371	-0.226285	8.00863	11.8714	14.928	13.9121	22.8115	19.8905	-0.63021	1.0305	7.73004	-4.62085	-6.10256	1.2383
1.09174	2.45817	-2.57444	0.0268035	1.72	-1.71553	-2.52644	0.982411	0.370635	13.7891	6.76539	-0.356654	4.45685	3.27746	15.6833	30.4345
-9.32998	-9.84888	-12.4569	-14.2281	-12.6608	-15.9717	-17.3906	-20.8001	-25.4099	-7.19093	-1.049	3.12524	-4.367	-0.171129	-3.46813	12.3141
9.34322	9.84491	8.86172	11.1381	7.52815	4.64617	7.20947	11.8257	7.33641	4.35248	-1.03884	30.4555	30.0992	-18.9693	-7.4199	25.0684
-1.11109	-2.44912	-1.31013	-1.49154	-4.25643	-8.95245	-10.0697	-14.7393	-37.5428	-17.7973	-8.05804	13.8818	7.20448	-30.4768	0.0264397	23.5239
-1.66557	-0.986279	-2.00286	2.21972	-2.3019	-9.22303	-11.4724	-10.3795	-13.2807	-19.6406	0.289802	-7.60932	-20.1102	-2.50901	12.4607	19.1902
-0.610348	-1.59736	-0.739643	-2.86814	-0.171248	2.04055	2.94334	2.06312	3.01227	4.17756	26.2834	5.33823	-9.57428	-5.51671	5.33002	7.33648
-1.01424	-0.542267	-1.4757	-1.0408	0.434243	3.34355	2.6327	3.35824	-3.43954	11.5073	15.7989	14.2527	-7.87018	2.80684	-3.43722	13.6944
-0.309997	-1.46761	-1.363	1.42733	2.80401	0.0560262	0.58386	0.071944	-4.44675	-4.06553	-0.133221	1.32568	-0.758506	10.1043	-5.36886	17.7266
-0.20647	0.772489	1.04603	0.335994	0.319085	1.92121	1.62416	1.97151	-2.14314	-0.661088	12.4015	3.1418	-0.546978	-14.8007	-15.7427	-8.78565
0.773837	0.502722	0.581407	2.24893	-2.15537	-8.47067	-8.33724	-8.40211	-6.94262	-10.654	-15.0785	-4.77462	-1.26823	-2.04558	2.69079	10.9936
-5.25833	-9.82915	-9.69895	-4.09307	-4.83874	-11.5515	-11.4097	-11.5023	-14.1955	-12.9353	-11.4605	11.9875	-10.2808	8.50018	13.3319	5.00136
4.64882	5.82269	1.80578	3.1921	2.09986	0.591297	0.269712	0.58198	-2.92817	13.5353	8.02804	-4.68504	-10.2561	-8.61209	8.03282	5.85711
0.669616	3.9291	4.09628	4.66821	7.41112	4.00313	4.51216	4.01454	12.8155	6.24778	2.77744	9.44646	3.12	-22.4262	-7.53313	11.1162
0.369915	1.1119	4.31773	15.5571	17.9067	15.0766	14.4013	15.142	15.2778	-5.3302	-2.12113	14.5516	1.42875	6.44426	-2.42589	-12.6405
1.28847	0.630014	1.45538	1.59604	4.28168	4.17138	5.05384	4.23173	12.058	-12.9996	-13.8099	-4.73908	-3.97652	3.60338	9.18459	-2.50568
0.78357	1.95444	0.888611	-0.405919	-4.42618	-0.403229	2.26558	3.30367	10.3825	-14.6574	-13.0199	-4.45686	9.42472	11.4909	-9.40561	-13.5528
2.03834	1.28092	2.40977	2.67799	7.9524	5.85106	5.08257	5.72687	-11.788	-20.7015	4.78522	-2.77992	4.9706	12.6753	-8.32692	-0.497139
-10.1466	-8.85655	-9.88411	-5.15929	0.216409	3.92238	1.27093	0.617147	-8.40741	-13.9659	0.0364689	5.81106	0.282104	0.389549	-30.3227	-9.73813
10.1489	8.89347	9.91348	6.64829	10.2299	12.5294	16.3638	19.6921	21.2844	10.6245	23.9079	24.3656	19.8945	-1.15957	20.2523	31.3507
-2.01915	-1.28281	-2.3796	-2.45706	-1.15719	5.8745	2.52836	-0.693372	-4.95632	-13.4782	-4.60685	28.6942	6.38739	-14.2282	-4.43564	14.0411
-0.804993	-1.96074	-0.934016	-0.132612	3.82315	1.29084	-0.273085	-1.26883	-15.184	-12.691	9.51468	3.57084	2.52373	7.0336	-6.25885	-4.17593
-1.30533	-0.697532	-1.55153	1.90422	1.21291	-1.3581	-3.2752	-2.34826	-16.2869	-3.41472	9.20753	4.709	-10.4369	4.81268	15.0238	1.5501
-0.425979	-1.19213	-2.26432	-5.41433	-4.44538	-6.70956	-8.48936	-9.20799	-5.88193	4.84371	-4.57279	5.71348	-2.01788	-15.3431	1.78857	8.65549
-0.706005	-0.718711	0.17009	-1.6509	-0.218063	7.37931	7.8914	8.43205	10.6207	8.28542	-1.52644	-18.4332	1.25824	-10.7697	1.18266	16.3258
0.598305	1.36228	1.996	-2.84781	1.19325	8.80664	8.81315	8.511	6.14925	8.58113	13.5709	0.593038	18.8902	-2.38947	-2.414	-21.8971
-9.98283	-10.6444	-10.7417	-8.63163	-7.39043	-8.50684	-9.12989	-8.98328	-13.2197	-10.4291	4.58149	-3.18783	-2.36361	11.822	3.07328	-11.2682
7.40785	5.70621	5.58542	4.53174	5.97507	10.9057	12.8957	13.0063	11.6638	1.71475	4.58267	23.4809	6.01848	14.8355	21.1622	1.89128
2.21152	3.75787	4.04712	0.476809	2.95949	14.252	20.7191	20.3989	22.1657	-4.78051	1.61001	-0.17239	-5.40094	-8.80409	20.6377	17.1652
0.23088	0.812361	1.35618	2.50685	7.77147	17.9954	20.993	21.4744	21.261	-9.8476	-9.00558	9.75933	6.20897	-9.57166	13.8557	8.12789
0.966547	0.43548	0.0644608	3.16503	3.936	1.3497	4.94868	4.26168	0.928746	-19.4308	-19.556	-4.51101	-5.12184	0.280445	-8.22289	-8.99166
0.555362	1.52783	0.616207	2.43636	-1.85867	-7.40697	-10.3138	-9.42323	-8.24733	3.98696	11.8912	10.5029	-19.3004	-9.62668	-19.6567	-13.569
1.64129	0.922212	1.92501	5.23116	4.20178	-1.61526	1.04892	0.0562668	3.66092	-7.83004	2.79398	0.865568	1.29393	3.64372	12.1696	1.72505
1.08136	2.42455	1.25518	6.19381	-1.92147	-14.9827	-19.1918	-17.6182	-13.5582	-24.9943	-7.06238	13.4472	11.4175	15.6348	0.44097	0.162761
-9.34763	-9.87118	-8.87731	-8.69783	-14.5981	-25.4731	-26.4824	-27.7563	-17.3108	-22.6725	1.52261	8.90978	11.539	-7.80563	-34.0515	-27.6986
9.38355	9.90702	8.98116	3.21356	2.16363	11.3172	12.5875	14.4667	16.3581	8.92048	3.81805	4.98164	9.40048	0.179528	24.56	18.7639
-1.07218	-2.36984	-1.19257	-9.19205	-8.10895	4.86903	4.58608	-5.33502	4.17856	14.7058	1.31586	3.79288	-12.4916	-17.2324	0.478174	-4.16529
-1.62433	-0.922094	-1.89354	-1.59535	-0.206209	-2.97832	-7.99735	-3.99955	-9.93047	4.6132	-3.29529	-0.976222	7.38887	5.61608	0.580194	3.79449
-0.577222	-1.53034	-0.636737	-0.178948	-4.33613	-10.4414	-10.5021	-13.453	-16.2186	-9.05933	-6.4731	-6.13775	3.04003	-16.1333	-7.63772	-8.8518
-0.988561	-0.480087	-7.27288	-7.11113	-5.15492	-4.85074	-7.38326	-11.0003	-12.0128	5.22094	10.2098	3.23739	6.66762	-21.1143	-13.6305	-18.6685
-0.298769	-3.20404	1.05692	3.43392	3.89732	5.45777	5.04999	4.63513	10.6959	6.44323	-10.8734	-15.2241	11.1117	-12.6273	0.77194	-5.13009
1.27638	5.49408	7.47214	7.30612	6.94178	7.97175	4.60857	1.63947	0.449504	9.83075	5.66022	-13.7025	4.84999	4.13261	2.58011	-13.4242
-4.13742	-5.9349	-5.85496	-8.48861	-8.40998	-5.48663	-8.70546	-12.6489	-17.6769	9.46404	11.7773	-22.5319	-19.204	22.3172	19.5859	-8.64442
1.82874	0.97952	1.09118	-0.317136	-0.216294	-1.14516	-2.09712	-1.12007	-4.17855	9.28867	21.5595	-12.4412	-2.282	14.6792	13.5919	-6.30051
0.880855	5.49666	8.70684	5.5319	5.21892	2.80526	2.15431	8.33078	15.0321	-3.85167	6.23819	-2.97843	-4.14735	-13.6727	0.67191	-6.04816
0.685735	-3.20624	-7.123	-10.4884	-9.95489	-12.1023	-8.3783	-2.13865	10.6346	2.78558	-1.8176	5.66609	9.23473	-17.9056	6.96541	-3.38788
0.397613	1.19082	1.45782	-5.39985	-10.8112	-9.21006	-8.05055	-2.59373	14.3838	10.1562	-6.21118	-19.1809	4.23608	12.3258	5.55411	6.47498
1.29948	0.676081	1.54552	4.74659	7.71546	6.88148	9.48364	8.29389	12.5899	18.5291	11.9695	4.08521	2.86675	6.97182	-16.4366	-13.1742
0.794694	1.96679	0.926376	-0.596611	0.998697	10.8224	15.7012	19.0506	11.5794	-1.20144	12.9875	2.05699	6.71925	5.09297	-1.459	-5.84318
2.03481	1.28988	2.41595	3.19938	4.3972	-0.314799	1.08486	1.89883	-7.42376	-12.3449	0.639058	25.9583	-2.22323	4.75465	2.85353	2.60166
-10.1432	-8.86338	-9.87816	-6.61142	-7.55113	-6.81617	-15.744	-24.479	-38.57	-13.8162	1.22474	15.1968	-5.37032	2.38871	-13.3054	-17.449
10.4521	9.41673	10.2492	3.27222	4.01309	9.28629	17.6527	24.4037	30.2668	18.4688	7.47577	8.84159	22.2422	12.4221	8.53889	1.91689
-1.59124	-1.03669	-1.90564	-6.48182	-7.46099	2.68363	5.31526	6.14687	7.11614	21.4585	1.15944	1.25679	3.89566	-15.9309	-12.2584	-9.70514
-0.629819	-1.59491	-0.719685	-1.97765	0.559945	-1.93981	-7.83033	-11.7113	-8.48737	-4.58325	-16.1488	1.94612	10.6377	-17.4411	-1.7409	-2.39255
-1.02821	-0.552941	-1.23007	-2.88248	-11.6706	-16.602	-15.2824	-12.5257	-5.56206	-13.7188	-10.7394	3.87351	14.7914	-7.95962	-3.37789	-9.96476
-0.336317	-0.973955	-5.85278	-3.07038	3.93154	0.925209	5.84155	9.54426	7.27695	3.2732	19.8058	11.0929	6.52913	-7.90269	-13.9856	-27.4051
-0.584428	-2.8837	-0.430023	4.19032	3.70472	5.32891	4.73966	5.07558	5.34218	1.49761	-15.1572	-4.03581	7.30549	-7.4153	9.07373	9.14462
3.61098	9.61681	12.3723	13.5721	13.8007	11.985	15.601	18.7107	1.80902	4.72063	-12.2934	-21.6449	0.954832	7.79986	9.10214	3.05977
-0.124353	-3.85577	-3.949	-6.44388	-6.55012	-3.91341	-0.1384	3.88623	-12.4856	3.17677	2.0554	-20.2635	-9.74259	11.6798	2.56857	-8.84178
-6.17867	-8.57262	-8.67181	-7.47017	-7.55839	-8.56783	-9.67212	-10.5901	-21.7606	-4.37031	8.13526	-15.9304	2.66706	6.25596	-4.11209	-9.11635
2.83885	8.54264	12.1937	12.0149	12.2986	12.0047	6.42764	0.316023	1.21186	-0.269166	6.01473	11.5142	9.87112	3.29962	-3.93708	-9.89836
0.216789	-2.66709	-7.5932	-9.02287	-9.41244	-8.17403	-15.3651	-21.7306	-13.5095	-11.6866	-13.7168	14.416	19.1491	-10.4298	-9.6124	-9.02319
0.798765	0.428914	2.21492	-6.14934	-10.5721	-7.21112	-11.4128	-16.8234	-5.87941	-7.52716	-10.3934	-28.8501	2.07803	3.6067	6.00521	1.57742
0.467351	1.31217	0.585942	4.54646	4.34604	2.36865	1.92845	2.96512	5.09414	7.11188	-6.8348	-9.11179	-2.04287	13.2676	10.1633	-5.42689
1.32483	0.799201	1.6481	-1.8819	3.46064	16.3398	21.4767	18.3732	6.45091	3.07953	8.51529	-11.0324	13.071	-1.22079	10.4591	2.47687
0.880694	2.03408	1.07873	2.7916	1.85855	-4.51311	-1.4577	10.1402	2.76642	-15.3897	-4.76915	9.65191	4.35201	-5.59595	-5.22702	-4.40969
-9.83643	-10.1442	-9.35384	-9.49635	-8.65289	-10.0286	-11.658	-14.9182	-20.4054	-17.742	-5.06952	1.58498	1.7624	-1.83627	-12.4599	-7.85499